country_code,holiday_date,name_en,kind,sector,shifted_from,source,note
SA,2024-02-22,Founding Day,national,all,,Royal decree of 27 Jan 2022 (Argaam); HRSD,
SA,2024-04-08,Eid al-Fitr holiday,religious,all,,HRSD announcement: four days Mon 8 - Thu 11 Apr 2024 for public and private sectors,
SA,2024-04-09,Eid al-Fitr holiday,religious,all,,HRSD announcement: four days Mon 8 - Thu 11 Apr 2024,
SA,2024-04-10,Eid al-Fitr,religious,all,,Saudi Supreme Court (Shawwal crescent not sighted 8 Apr 2024); HRSD,
SA,2024-04-11,Eid al-Fitr holiday,religious,all,,HRSD announcement: four days Mon 8 - Thu 11 Apr 2024,
SA,2024-06-15,Arafat Day,religious,all,,Saudi Supreme Court (1 Dhul Hijjah 7 Jun 2024); Labour Law four days from Arafat,
SA,2024-06-16,Eid al-Adha,religious,all,,Saudi Supreme Court; HRSD,
SA,2024-06-17,Eid al-Adha holiday,religious,all,,HRSD (four days from Arafat Day),
SA,2024-06-18,Eid al-Adha holiday,religious,all,,HRSD (four days from Arafat Day),
SA,2024-06-19,Eid al-Adha extended holiday,religious,government,,Government sector extension (officeholidays cross-check),
SA,2024-06-20,Eid al-Adha extended holiday,religious,government,,Government sector extension (officeholidays cross-check),
SA,2024-09-22,National Day bridge,national,government,,Government bridge day (officeholidays cross-check),
SA,2024-09-23,National Day,national,all,,HRSD (private sector one day); Labour Law Art. 112,
SA,2025-02-22,Founding Day,national,all,,Royal decree of 27 Jan 2022,Falls on Saturday (weekend)
SA,2025-02-23,Founding Day (observed),national,all,2025-02-22,Labour Law implementing regulations (compensation for weekend overlap); observance varied by employer,
SA,2025-03-30,Eid al-Fitr,religious,all,,Saudi Royal Court (Shawwal crescent sighted 29 Mar 2025); HRSD four days 30 Mar - 2 Apr,
SA,2025-03-31,Eid al-Fitr holiday,religious,all,,HRSD four days 30 Mar - 2 Apr 2025,
SA,2025-04-01,Eid al-Fitr holiday,religious,all,,HRSD four days 30 Mar - 2 Apr 2025,
SA,2025-04-02,Eid al-Fitr holiday,religious,all,,HRSD four days 30 Mar - 2 Apr 2025,
SA,2025-06-05,Arafat Day,religious,all,,Saudi Supreme Court (1 Dhul Hijjah 28 May 2025),
SA,2025-06-06,Eid al-Adha,religious,all,,Saudi Supreme Court; HRSD,
SA,2025-06-07,Eid al-Adha holiday,religious,all,,HRSD (four days from Arafat Day),
SA,2025-06-08,Eid al-Adha holiday,religious,all,,HRSD (four days from Arafat Day),
SA,2025-06-09,Eid al-Adha extended holiday,religious,government,,Government sector extension (officeholidays cross-check),
SA,2025-06-10,Eid al-Adha extended holiday,religious,government,,Government sector extension (officeholidays cross-check),
SA,2025-09-23,National Day,national,all,,HRSD; Labour Law Art. 112,
SA,2026-02-22,Founding Day,national,all,,Royal decree of 27 Jan 2022,
SA,2026-03-19,Eid al-Fitr holiday,religious,all,,HRSD: holiday begins after close of business Wed 18 Mar 2026 and lasts four days,
SA,2026-03-20,Eid al-Fitr,religious,all,,Saudi Supreme Court (Shawwal crescent not sighted 18 Mar 2026); HRSD,
SA,2026-03-21,Eid al-Fitr holiday,religious,all,,HRSD four days 19-22 Mar 2026,
SA,2026-03-22,Eid al-Fitr holiday,religious,all,,HRSD four days 19-22 Mar 2026,
SA,2026-05-26,Arafat Day,religious,all,,Saudi Supreme Court (1 Dhul Hijjah 18 May 2026),
SA,2026-05-27,Eid al-Adha,religious,all,,Saudi Supreme Court; HRSD,
SA,2026-05-28,Eid al-Adha holiday,religious,all,,HRSD (four days from Arafat Day),
SA,2026-05-29,Eid al-Adha holiday,religious,all,,HRSD (four days from Arafat Day),
SA,2026-09-23,National Day,national,all,,HRSD; Labour Law Art. 112,
AE,2023-12-02,National Day,national,all,,UAE Cabinet: holiday extended to 2-4 Dec 2023 for public and private sectors,
AE,2023-12-03,National Day,national,all,,UAE Cabinet: holiday extended to 2-4 Dec 2023,
AE,2023-12-04,National Day (extended),national,all,,UAE Cabinet: holiday extended to 2-4 Dec 2023,
AE,2024-01-01,New Year's Day,national,all,,Cabinet Resolution 27/2024 holiday list (u.ae),
AE,2024-04-08,Eid al-Fitr holiday (29 Ramadan),religious,all,,MoHRE/FAHR: Eid al-Fitr holiday 8-12 Apr 2024 (Economy Middle East),
AE,2024-04-09,Eid al-Fitr holiday (30 Ramadan),religious,all,,MoHRE/FAHR: Eid al-Fitr holiday 8-12 Apr 2024,
AE,2024-04-10,Eid al-Fitr,religious,all,,UAE Moon-sighting Committee via WAM (8 Apr 2024),
AE,2024-04-11,Eid al-Fitr holiday,religious,all,,MoHRE/FAHR: Eid al-Fitr holiday 8-12 Apr 2024,
AE,2024-04-12,Eid al-Fitr holiday,religious,all,,MoHRE/FAHR: Eid al-Fitr holiday 8-12 Apr 2024,
AE,2024-06-15,Arafat Day,religious,all,,MoHRE and FAHR notice of 8 Jun 2024 (9-12 Dhul Hijjah = 15-18 Jun),
AE,2024-06-16,Eid al-Adha,religious,all,,MoHRE and FAHR notice of 8 Jun 2024,
AE,2024-06-17,Eid al-Adha holiday,religious,all,,MoHRE and FAHR notice of 8 Jun 2024,
AE,2024-06-18,Eid al-Adha holiday,religious,all,,MoHRE and FAHR notice of 8 Jun 2024,
AE,2024-07-07,Hijri New Year,religious,all,,Cabinet holiday list; officeholidays cross-check,
AE,2024-09-15,Prophet's Birthday,religious,all,,Cabinet holiday list; officeholidays cross-check,
AE,2024-12-02,National Day,national,all,,Cabinet Resolution 27/2024 (2-3 Dec),
AE,2024-12-03,National Day,national,all,,Cabinet Resolution 27/2024 (2-3 Dec),
AE,2025-01-01,New Year's Day,national,all,,Cabinet Resolution 27/2024 holiday list (u.ae),
AE,2025-03-30,Eid al-Fitr,religious,all,,UAE Moon-sighting Committee (29 Mar 2025); holiday 30 Mar - 1 Apr,
AE,2025-03-31,Eid al-Fitr holiday,religious,all,,FAHR/MoHRE: 30 Mar - 1 Apr 2025,
AE,2025-04-01,Eid al-Fitr holiday,religious,all,,FAHR/MoHRE: 30 Mar - 1 Apr 2025,
AE,2025-06-05,Arafat Day,religious,all,,FAHR notice of 28 May 2025 (5-8 Jun 2025 for public and private sectors),
AE,2025-06-06,Eid al-Adha,religious,all,,FAHR notice of 28 May 2025,
AE,2025-06-07,Eid al-Adha holiday,religious,all,,FAHR notice of 28 May 2025,
AE,2025-06-08,Eid al-Adha holiday,religious,all,,FAHR notice of 28 May 2025,
AE,2025-06-27,Hijri New Year,religious,all,,FAHR and MoHRE announcement (Fri 27 Jun 2025),
AE,2025-09-05,Prophet's Birthday,religious,all,,FAHR and MoHRE announcement (Fri 5 Sep 2025),
AE,2025-12-01,Eid Al Etihad (National Day),national,all,2025-12-03,Cabinet/FAHR/MoHRE: Mon 1 and Tue 2 Dec 2025 for public and private sectors,
AE,2025-12-02,Eid Al Etihad (National Day),national,all,,Cabinet/FAHR/MoHRE: Mon 1 and Tue 2 Dec 2025,
AE,2026-01-01,New Year's Day,national,all,,Cabinet Resolution 27/2024 holiday list (u.ae),
AE,2026-03-19,Eid al-Fitr holiday (30 Ramadan),religious,all,,FAHR/MoHRE: Thu 19 - Sun 22 Mar 2026; work resumed Mon 23 Mar,
AE,2026-03-20,Eid al-Fitr,religious,all,,UAE Presidential Court (Shawwal crescent not sighted 18 Mar 2026),
AE,2026-03-21,Eid al-Fitr holiday,religious,all,,FAHR/MoHRE: Thu 19 - Sun 22 Mar 2026,
AE,2026-03-22,Eid al-Fitr holiday,religious,all,,FAHR/MoHRE: Thu 19 - Sun 22 Mar 2026,
AE,2026-05-25,Eid al-Adha holiday (federal entities),religious,government,,FAHR: federal entities Mon 25 - Fri 29 May 2026,
AE,2026-05-26,Arafat Day,religious,all,,MoHRE: private sector Tue 26 - Fri 29 May 2026; FAHR,
AE,2026-05-27,Eid al-Adha,religious,all,,UAE Council for Fatwa (17 May 2026); MoHRE,
AE,2026-05-28,Eid al-Adha holiday,religious,all,,MoHRE: private sector Tue 26 - Fri 29 May 2026,
AE,2026-05-29,Eid al-Adha holiday,religious,all,,MoHRE: private sector Tue 26 - Fri 29 May 2026,
AE,2026-06-15,Hijri New Year,religious,all,,FAHR and MoHRE announcement of 3 Jun 2026 (Mon 15 Jun 2026),
AE,2026-08-28,Prophet's Birthday,religious,all,,officeholidays listing (medium confidence; confirm when FAHR announces),
QA,2023-12-18,National Day,national,all,,Amiri Diwan; Qatar National Day 18 Dec,
QA,2024-02-13,National Sports Day,national,all,,Emiri Decree 80/2011 (second Tuesday of February),
QA,2024-04-07,Eid al-Fitr holiday (ministries),religious,government,,Amiri Diwan: ministries and public institutions 7-15 Apr 2024 (Peninsula Qatar; officeholidays),
QA,2024-04-08,Eid al-Fitr holiday (ministries),religious,government,,Amiri Diwan: ministries and public institutions 7-15 Apr 2024,
QA,2024-04-09,Eid al-Fitr holiday (ministries),religious,government,,Amiri Diwan: ministries and public institutions 7-15 Apr 2024,
QA,2024-04-10,Eid al-Fitr,religious,all,,Qatar Awqaf crescent committee (9 Apr 2024); Labour Law three days,
QA,2024-04-11,Eid al-Fitr holiday,religious,all,,Labour Law three days (1-3 Shawwal),
QA,2024-04-12,Eid al-Fitr holiday,religious,all,,Labour Law three days (1-3 Shawwal),
QA,2024-04-13,Eid al-Fitr holiday (ministries),religious,government,,Amiri Diwan: ministries 7-15 Apr 2024,
QA,2024-04-14,Eid al-Fitr holiday (ministries),religious,government,,Amiri Diwan: ministries 7-15 Apr 2024,
QA,2024-04-15,Eid al-Fitr holiday (ministries),religious,government,,Amiri Diwan: ministries resume Tue 16 Apr 2024 (Peninsula Qatar),
QA,2024-06-16,Eid al-Adha,religious,all,,Amiri Diwan (11 Jun 2024): ministries closed Sun 16 - Thu 20 Jun; private sector 10-12 Dhul Hijjah,
QA,2024-06-17,Eid al-Adha holiday,religious,all,,Amiri Diwan (11 Jun 2024),
QA,2024-06-18,Eid al-Adha holiday,religious,all,,Amiri Diwan (11 Jun 2024),
QA,2024-06-19,Eid al-Adha holiday (ministries),religious,government,,Amiri Diwan (11 Jun 2024): ministries return Sun 23 Jun,
QA,2024-06-20,Eid al-Adha holiday (ministries),religious,government,,Amiri Diwan (11 Jun 2024): ministries return Sun 23 Jun,
QA,2024-11-06,Official holiday declared by the Amiri Diwan,ad_hoc_closure,government,,Amiri Diwan announcement (6-7 Nov 2024); Qatar Central Bank closed financial institutions,Schools and banks also closed; private sector not mandated
QA,2024-11-07,Official holiday declared by the Amiri Diwan,ad_hoc_closure,government,,Amiri Diwan announcement (6-7 Nov 2024); reopening Sun 10 Nov,Schools and banks also closed; private sector not mandated
QA,2024-12-18,National Day,national,all,,Amiri Diwan; Qatar National Day 18 Dec,
QA,2025-02-11,National Sports Day,national,all,,Emiri Decree 80/2011 (second Tuesday of February),
QA,2025-03-30,Eid al-Fitr,religious,all,,Qatar Awqaf crescent committee (29 Mar 2025); Labour Law three days,
QA,2025-03-31,Eid al-Fitr holiday,religious,all,,Labour Law three days (1-3 Shawwal),
QA,2025-04-01,Eid al-Fitr holiday,religious,all,,Labour Law three days (1-3 Shawwal),
QA,2025-04-02,Eid al-Fitr holiday (ministries),religious,government,,Amiri Diwan: ministries 30 Mar - 7 Apr 2025 (officeholidays cross-check),
QA,2025-04-03,Eid al-Fitr holiday (ministries),religious,government,,Amiri Diwan: ministries 30 Mar - 7 Apr 2025,
QA,2025-04-04,Eid al-Fitr holiday (ministries),religious,government,,Amiri Diwan: ministries 30 Mar - 7 Apr 2025,
QA,2025-04-05,Eid al-Fitr holiday (ministries),religious,government,,Amiri Diwan: ministries 30 Mar - 7 Apr 2025,
QA,2025-04-06,Eid al-Fitr holiday (ministries),religious,government,,Amiri Diwan: ministries 30 Mar - 7 Apr 2025,
QA,2025-04-07,Eid al-Fitr holiday (ministries),religious,government,,Amiri Diwan: ministries 30 Mar - 7 Apr 2025,
QA,2025-06-05,Arafat Day (ministries),religious,government,,Amiri Diwan: ministries 5-9 Jun 2025 (9-13 Dhul Hijjah); return 10 Jun,
QA,2025-06-06,Eid al-Adha,religious,all,,Qatar Awqaf; Labour Law 10-12 Dhul Hijjah,
QA,2025-06-07,Eid al-Adha holiday,religious,all,,Labour Law 10-12 Dhul Hijjah,
QA,2025-06-08,Eid al-Adha holiday,religious,all,,Labour Law 10-12 Dhul Hijjah,
QA,2025-06-09,Eid al-Adha holiday (ministries),religious,government,,Amiri Diwan: ministries return 10 Jun 2025,
QA,2025-12-18,National Day,national,all,,Amiri Diwan; Qatar National Day 18 Dec,
QA,2026-02-10,National Sports Day,national,all,,Emiri Decree 80/2011 (second Tuesday of February),
QA,2026-03-17,Eid al-Fitr holiday (ministries),religious,government,,Amiri Diwan: ministries Tue 17 - Mon 23 Mar 2026; return Tue 24 Mar,
QA,2026-03-18,Eid al-Fitr holiday (ministries),religious,government,,Amiri Diwan: ministries 17-23 Mar 2026,
QA,2026-03-19,Eid al-Fitr holiday (ministries),religious,government,,Amiri Diwan: ministries 17-23 Mar 2026,
QA,2026-03-20,Eid al-Fitr,religious,all,,Qatar Awqaf crescent committee (no sighting 18 Mar 2026); Labour Law three days,
QA,2026-03-21,Eid al-Fitr holiday,religious,all,,Labour Law three days (1-3 Shawwal),
QA,2026-03-22,Eid al-Fitr holiday,religious,all,,Labour Law three days (1-3 Shawwal),
QA,2026-03-23,Eid al-Fitr holiday (ministries),religious,government,,Amiri Diwan: ministries return Tue 24 Mar 2026,
QA,2026-05-26,Arafat Day (ministries),religious,government,,Amiri Diwan (24 May 2026): ministries closed Tue 26 - Sat 30 May; return Sun 31 May,
QA,2026-05-27,Eid al-Adha,religious,all,,Amiri Diwan (24 May 2026); Labour Law 10-12 Dhul Hijjah,
QA,2026-05-28,Eid al-Adha holiday,religious,all,,Labour Law 10-12 Dhul Hijjah,
QA,2026-05-29,Eid al-Adha holiday,religious,all,,Labour Law 10-12 Dhul Hijjah,
QA,2026-05-30,Eid al-Adha holiday (ministries),religious,government,,Amiri Diwan (24 May 2026): ministries return Sun 31 May,
QA,2026-07-13,Public mourning (work suspended in ministries),ad_hoc_closure,government,,Amiri Diwan announcement of 12 Jul 2026: work suspended from Mon 13 Jul; resumes Sun 19 Jul,
QA,2026-07-14,Public mourning (work suspended in ministries),ad_hoc_closure,government,,Amiri Diwan announcement of 12 Jul 2026,
QA,2026-07-15,Public mourning (work suspended in ministries),ad_hoc_closure,government,,Amiri Diwan announcement of 12 Jul 2026,
QA,2026-07-16,Public mourning (work suspended in ministries),ad_hoc_closure,government,,Amiri Diwan announcement of 12 Jul 2026,
QA,2026-07-17,Public mourning (work suspended in ministries),ad_hoc_closure,government,,Amiri Diwan announcement of 12 Jul 2026,
QA,2026-07-18,Public mourning (work suspended in ministries),ad_hoc_closure,government,,Amiri Diwan announcement of 12 Jul 2026,
KW,2024-01-01,New Year's Day,national,all,,Kuwait Cabinet holiday list (officeholidays cross-check),
KW,2024-02-08,Isra and Miraj,religious,all,,Kuwait Cabinet holiday list (officeholidays cross-check),
KW,2024-02-25,National Day,national,all,,Kuwait Cabinet holiday list,
KW,2024-02-26,Liberation Day,national,all,,Kuwait Cabinet holiday list,
KW,2024-04-04,National Assembly election holiday,ad_hoc_closure,government,,Cabinet decision: Thu 4 Apr 2024 public holiday for ministries and public institutions; Central Bank closed,
KW,2024-04-09,Eid al-Fitr holiday (30 Ramadan),religious,government,,Council of Ministers: public-sector break Tue 9 - Thu 11 Apr 2024 (Ramadan 30 to Shawwal 2),
KW,2024-04-10,Eid al-Fitr,religious,all,,Council of Ministers schedule (1 Shawwal = 10 Apr 2024); Central Bank closure notice,
KW,2024-04-11,Eid al-Fitr holiday,religious,all,,Council of Ministers schedule 9-11 Apr 2024,
KW,2024-04-12,Eid al-Fitr holiday,religious,all,,Labour Law three days (3 Shawwal),
KW,2024-06-15,Arafat Day,religious,all,,KUNA 11 Jun 2024 (Cabinet); Saturday,
KW,2024-06-16,Eid al-Adha,religious,all,,KUNA 11 Jun 2024: Cabinet decides 16-18 Jun as Eid al-Adha holiday,
KW,2024-06-17,Eid al-Adha holiday,religious,all,,KUNA 11 Jun 2024,
KW,2024-06-18,Eid al-Adha holiday,religious,all,,KUNA 11 Jun 2024,
KW,2024-07-07,Hijri New Year,religious,all,,Kuwait Cabinet holiday list (officeholidays cross-check),
KW,2024-09-15,Prophet's Birthday,religious,all,,Kuwait Cabinet holiday list (officeholidays cross-check),
KW,2024-12-01,GCC Summit holiday,ad_hoc_closure,government,,Cabinet decision: Sun 1 Dec 2024 public holiday for ministries and public institutions (45th GCC Summit),
KW,2025-01-01,New Year's Day,national,all,,Kuwait Cabinet holiday list,
KW,2025-01-30,Isra and Miraj (observed),religious,all,2025-01-27,Cabinet decision moving the holiday to Thu 30 Jan 2025,
KW,2025-02-25,National Day,national,all,,Cabinet decision: three-day holiday 25-27 Feb 2025 (Times Kuwait),
KW,2025-02-26,Liberation Day,national,all,,Cabinet decision: three-day holiday 25-27 Feb 2025,
KW,2025-02-27,National holiday bridge,national,all,,Cabinet decision: three-day holiday 25-27 Feb 2025,
KW,2025-03-30,Eid al-Fitr,religious,all,,Gulf News live blog 29 Mar 2025 (Kuwait announces Sunday 30 March),
KW,2025-03-31,Eid al-Fitr holiday,religious,all,,Cabinet Eid schedule 30 Mar - 1 Apr 2025,
KW,2025-04-01,Eid al-Fitr holiday,religious,all,,Cabinet Eid schedule 30 Mar - 1 Apr 2025,
KW,2025-06-05,Arafat Day,religious,all,,Cabinet: public sector 5-9 Jun 2025; Labour Law Arafat plus three days,
KW,2025-06-06,Eid al-Adha,religious,all,,Cabinet: public sector 5-9 Jun 2025,
KW,2025-06-07,Eid al-Adha holiday,religious,all,,Cabinet: public sector 5-9 Jun 2025,
KW,2025-06-08,Eid al-Adha holiday,religious,all,,Cabinet: public sector 5-9 Jun 2025,
KW,2025-06-09,Eid al-Adha holiday (public sector),religious,government,,Cabinet: public sector 5-9 Jun 2025,
KW,2025-06-26,Hijri New Year,religious,all,2025-06-27,Cabinet decision: Thu 26 Jun 2025 (ministries resumed Sun 29 Jun),
KW,2025-09-04,Prophet's Birthday,religious,all,,Kuwait Cabinet holiday list (officeholidays cross-check),
KW,2026-01-01,New Year's Day,national,all,,Kuwait Cabinet holiday list,
KW,2026-01-18,Isra and Miraj (observed),religious,all,,Cabinet decision (in lieu; officeholidays cross-check),
KW,2026-02-25,National Day,national,all,,Kuwait Cabinet holiday list,
KW,2026-02-26,Liberation Day,national,all,,Kuwait Cabinet holiday list,
KW,2026-03-19,Eid al-Fitr holiday (ministries),religious,government,,Cabinet decision: Thu 19 - Mon 23 Mar 2026 for ministries and public bodies; work resumed Tue 24 Mar,
KW,2026-03-20,Eid al-Fitr,religious,all,,Cabinet decision (Eid al-Fitr Fri 20 Mar 2026),
KW,2026-03-21,Eid al-Fitr holiday,religious,all,,Cabinet decision 19-23 Mar 2026,
KW,2026-03-22,Eid al-Fitr holiday,religious,all,,Cabinet decision 19-23 Mar 2026,
KW,2026-03-23,Eid al-Fitr holiday (ministries),religious,government,,Cabinet decision 19-23 Mar 2026; work resumed Tue 24 Mar,
KW,2026-05-26,Arafat Day,religious,all,,Cabinet decision of 19 May 2026: 26-29 May official holidays,
KW,2026-05-27,Eid al-Adha,religious,all,,Cabinet decision of 19 May 2026,
KW,2026-05-28,Eid al-Adha holiday,religious,all,,Cabinet decision of 19 May 2026,
KW,2026-05-29,Eid al-Adha holiday,religious,all,,Cabinet decision of 19 May 2026,
KW,2026-05-30,Eid al-Adha holiday (government),religious,government,,Cabinet decision of 19 May 2026: government closed through Sun 31 May,
KW,2026-05-31,Eid al-Adha holiday (government),religious,government,,Cabinet decision of 19 May 2026: return Mon 1 Jun,
KW,2026-06-16,Hijri New Year,religious,all,,officeholidays listing (medium confidence; confirm when the Cabinet announces),
KW,2026-08-27,Prophet's Birthday,religious,all,,officeholidays listing (medium confidence; confirm when the Cabinet announces),
OM,2023-11-22,National Day,national,all,,Royal order: National Day holiday 22-23 Nov 2023,
OM,2023-11-23,National Day,national,all,,Royal order: National Day holiday 22-23 Nov 2023,
OM,2024-01-11,Accession Day,national,all,,Royal Decree 88/2022 holiday list,
OM,2024-02-08,Isra and Miraj,religious,all,,Royal Decree 88/2022 holiday list (27 Rajab); officeholidays cross-check,
OM,2024-02-12,Weather closure (public sector except Dhofar and Al Wusta),weather,government,,officeholidays listing of the public-sector closure (not checked against ONA),
OM,2024-04-09,Eid al-Fitr holiday (29 Ramadan),religious,all,,Gulf News 5 Apr 2024: Oman holiday Tue 9 - Sat 13 Apr; work resumed Sun 14 Apr,
OM,2024-04-10,Eid al-Fitr,religious,all,,Oman Main Committee for Moon Sighting; Gulf News 5 Apr 2024,
OM,2024-04-11,Eid al-Fitr holiday,religious,all,,Gulf News 5 Apr 2024: Oman holiday 9-13 Apr,
OM,2024-04-12,Eid al-Fitr holiday,religious,all,,Gulf News 5 Apr 2024: Oman holiday 9-13 Apr,
OM,2024-04-13,Eid al-Fitr holiday,religious,all,,Gulf News 5 Apr 2024: Oman holiday 9-13 Apr,
OM,2024-04-16,Weather closure (five governorates; public sector),weather,government,,officeholidays listing of the public-sector closure (not checked against ONA),
OM,2024-06-16,Arafat Day,religious,all,,Oman Main Committee (1 Dhul Hijjah 8 Jun 2024; Arafat 16 Jun),
OM,2024-06-17,Eid al-Adha,religious,all,,Oman Main Committee (Eid al-Adha Mon 17 Jun 2024),
OM,2024-06-18,Eid al-Adha holiday,religious,all,,Royal Decree 88/2022 (9-12 Dhul Hijjah),
OM,2024-06-19,Eid al-Adha holiday,religious,all,,Royal Decree 88/2022 (9-12 Dhul Hijjah),
OM,2024-06-20,Eid al-Adha holiday (extended),religious,government,,officeholidays lists 16-20 Jun; end date unverified against the royal order,
OM,2024-07-07,Hijri New Year,religious,all,,Royal Decree 88/2022 holiday list (1 Muharram); officeholidays cross-check,
OM,2024-09-15,Prophet's Birthday,religious,all,,Royal Decree 88/2022 holiday list (12 Rabi al-Awwal); officeholidays cross-check,
OM,2024-11-20,National Day,national,all,,Royal decree of 10 Nov 2024: holiday Wed 20 - Thu 21 Nov 2024 for public and private sectors,
OM,2024-11-21,National Day,national,all,,Royal decree of 10 Nov 2024,
OM,2025-01-11,Accession Day,national,all,,Royal Decree 88/2022 holiday list,Falls on Saturday (weekend)
OM,2025-01-12,Accession Day (observed),national,all,2025-01-11,Official observance Sat 11 - Sun 12 Jan 2025 (officeholidays cross-check),
OM,2025-01-30,Isra and Miraj (observed),religious,all,2025-01-27,Decreed observance Thu 30 Jan 2025,
OM,2025-03-29,Eid al-Fitr holiday,religious,all,,Oman holiday Sat 29 Mar - Thu 3 Apr 2025; work resumed Sun 6 Apr,
OM,2025-03-30,Eid al-Fitr holiday (30 Ramadan),religious,all,,Oman Main Committee: Ramadan completed 30 days; holiday 29 Mar - 3 Apr 2025,
OM,2025-03-31,Eid al-Fitr,religious,all,,Oman Main Committee (Eid al-Fitr Mon 31 Mar 2025),
OM,2025-04-01,Eid al-Fitr holiday,religious,all,,Oman holiday 29 Mar - 3 Apr 2025,
OM,2025-04-02,Eid al-Fitr holiday,religious,all,,Oman holiday 29 Mar - 3 Apr 2025,
OM,2025-04-03,Eid al-Fitr holiday,religious,all,,Oman holiday 29 Mar - 3 Apr 2025,
OM,2025-06-05,Arafat Day,religious,all,,Royal decree: holiday Thu 5 - Mon 9 Jun 2025 for government and private sectors; work resumed Tue 10 Jun,
OM,2025-06-06,Eid al-Adha,religious,all,,Royal decree: holiday 5-9 Jun 2025,
OM,2025-06-07,Eid al-Adha holiday,religious,all,,Royal decree: holiday 5-9 Jun 2025,
OM,2025-06-08,Eid al-Adha holiday,religious,all,,Royal decree: holiday 5-9 Jun 2025,
OM,2025-06-09,Eid al-Adha holiday,religious,all,,Royal decree: holiday 5-9 Jun 2025,
OM,2025-06-29,Hijri New Year (observed),religious,all,,Decreed observance Sun 29 Jun 2025 (in lieu),
OM,2025-09-07,Prophet's Birthday (observed),religious,all,,Decreed observance Sun 7 Sep 2025 (in lieu),
OM,2025-11-26,National Day,national,all,,Royal order of 9 Nov 2025: holiday Wed 26 - Thu 27 Nov 2025 for public and private sectors,
OM,2025-11-27,National Day,national,all,,Royal order of 9 Nov 2025,
OM,2026-01-15,Accession Day (observed),national,all,2026-01-11,Council of Ministers advance holiday calendar (Dec 2025): Thu 15 Jan 2026,11 Jan 2026 was an ordinary working Sunday
OM,2026-01-18,Isra and Miraj (observed),religious,all,,Council of Ministers advance holiday calendar (Dec 2025): Sun 18 Jan 2026,
OM,2026-03-19,Eid al-Fitr holiday (29 Ramadan),religious,all,,Royal Decree 88/2022 (29 Ramadan - 3 Shawwal); Oman Ramadan 1447 ended Thu 19 Mar 2026,
OM,2026-03-20,Eid al-Fitr,religious,all,,Oman Main Committee (Shawwal crescent confirmed 19 Mar 2026),
OM,2026-03-21,Eid al-Fitr holiday,religious,all,,Royal Decree 88/2022 (29 Ramadan - 3 Shawwal),
OM,2026-03-22,Eid al-Fitr holiday,religious,all,,Royal Decree 88/2022 (29 Ramadan - 3 Shawwal),
OM,2026-03-23,Eid al-Fitr holiday,religious,all,,Royal Decree 88/2022 (29 Ramadan - 3 Shawwal); officeholidays lists 19-23 Mar,
OM,2026-05-26,Arafat Day,religious,all,,ONA: holiday begins Tue 26 May 2026 (9 Dhul Hijjah); official work resumes Sun 31 May,
OM,2026-05-27,Eid al-Adha,religious,all,,ONA (Eid al-Adha Wed 27 May 2026),
OM,2026-05-28,Eid al-Adha holiday,religious,all,,ONA: holiday 26-30 May 2026,
OM,2026-05-29,Eid al-Adha holiday,religious,all,,ONA: holiday 26-30 May 2026,
OM,2026-05-30,Eid al-Adha holiday,religious,all,,ONA: holiday 26-30 May 2026,
OM,2026-06-18,Hijri New Year (observed),religious,all,,Council of Ministers advance holiday calendar (Dec 2025): Thu 18 Jun 2026,
OM,2026-08-27,Prophet's Birthday (observed),religious,all,,Council of Ministers advance holiday calendar (Dec 2025): Thu 27 Aug 2026,
