country_code,hijri_year,ramadan_start,ramadan_end,eid_al_fitr,arafat_day,eid_al_adha,source
SA,1445,2024-03-11,2024-04-09,2024-04-10,2024-06-15,2024-06-16,Saudi Supreme Court announcements (10 Mar 2024; 8 Apr 2024; 6 Jun 2024)
AE,1445,2024-03-11,2024-04-09,2024-04-10,2024-06-15,2024-06-16,UAE Moon-sighting Committee via WAM (10 Mar 2024; 8 Apr 2024); FAHR/MoHRE Eid al-Adha notice (8 Jun 2024)
QA,1445,2024-03-11,2024-04-09,2024-04-10,2024-06-15,2024-06-16,Qatar Awqaf crescent committee (10 Mar 2024; 9 Apr 2024); Amiri Diwan (11 Jun 2024)
KW,1445,2024-03-11,2024-04-09,2024-04-10,2024-06-15,2024-06-16,KUNA; Council of Ministers Eid schedule (Ramadan 30 to Shawwal 2 = 9-11 Apr 2024); KUNA 11 Jun 2024
OM,1445,2024-03-12,2024-04-09,2024-04-10,2024-06-16,2024-06-17,Oman Main Committee for Moon Sighting via ONA (Sha'ban completed 30 days; Eid al-Adha 17 Jun 2024)
SA,1446,2025-03-01,2025-03-29,2025-03-30,2025-06-05,2025-06-06,Saudi Supreme Court and Royal Court (28 Feb 2025; 29 Mar 2025; 27 May 2025)
AE,1446,2025-03-01,2025-03-29,2025-03-30,2025-06-05,2025-06-06,UAE Moon-sighting Committee (28 Feb 2025; 29 Mar 2025); FAHR (28 May 2025)
QA,1446,2025-03-01,2025-03-29,2025-03-30,2025-06-05,2025-06-06,Qatar Awqaf crescent committee (28 Feb 2025; 29 Mar 2025); Amiri Diwan
KW,1446,2025-03-01,2025-03-29,2025-03-30,2025-06-05,2025-06-06,Gulf News live blog 29 Mar 2025 (Kuwait announces Sunday 30 March); Cabinet Eid al-Adha schedule 5-9 Jun 2025
OM,1446,2025-03-01,2025-03-30,2025-03-31,2025-06-05,2025-06-06,Oman Main Committee via ONA (no sighting 29 Mar 2025, Ramadan completed 30 days; 1 Dhul Hijjah 28 May 2025)
SA,1447,2026-02-18,2026-03-19,2026-03-20,2026-05-26,2026-05-27,Saudi Supreme Court (17 Feb 2026; 18 Mar 2026; 17 May 2026)
AE,1447,2026-02-18,2026-03-19,2026-03-20,2026-05-26,2026-05-27,UAE Presidential Court on the Fatwa Council decision (17 Feb 2026; 18 Mar 2026; 17 May 2026)
QA,1447,2026-02-18,2026-03-19,2026-03-20,2026-05-26,2026-05-27,Qatar Awqaf crescent committee (17 Feb 2026; 18 Mar 2026); Amiri Diwan (24 May 2026)
KW,1447,2026-02-18,2026-03-19,2026-03-20,2026-05-26,2026-05-27,Kuwait Cabinet decisions (Ramadan 18 Feb 2026; Eid al-Fitr from Fri 20 Mar 2026; Eid al-Adha 26-29 May 2026)
OM,1447,2026-02-19,2026-03-19,2026-03-20,2026-05-26,2026-05-27,Oman Main Committee (ruling of 11 Feb 2026; Shawwal crescent confirmed 19 Mar 2026; Dhul Hijjah crescent 17 May 2026)
